<?xml version="1.0"?>
<libraries>
    <library>
        <location>vendor/mpdf/mpdf/</location>
        <name>mpdf/mpdf</name>
        <version>v8.0.7</version>
        <license>GPL</license>
        <licenseversion>2.0-only</licenseversion>
    </library>
    <library>
        <location>vendor/myclabs/deep-copy/</location>
        <name>myclabs/deep-copy</name>
        <version>1.10.1</version>
        <license>MIT</license>
        <licenseversion></licenseversion>
    </library>
    <library>
        <location>vendor/paragonie/random_compat/</location>
        <name>paragonie/random_compat</name>
        <version>v9.99.99</version>
        <license>MIT</license>
        <licenseversion></licenseversion>
    </library>
    <library>
        <location>vendor/psr/log/</location>
        <name>psr/log</name>
        <version>1.1.3</version>
        <license>MIT</license>
        <licenseversion></licenseversion>
    </library>
    <library>
        <location>vendor/setasign/fpdi/</location>
        <name>setasign/fpdi</name>
        <version>v2.3.3</version>
        <license>MIT</license>
        <licenseversion></licenseversion>
    </library>
    <library>
        <location>vendor/composer/</location>
        <name>composer</name>
        <version></version>
        <license>MIT</license>
        <licenseversion></licenseversion>
    </library>
    <library>
        <location>vendor/autoload.php</location>
        <name>composer</name>
        <version></version>
        <license>MIT</license>
        <licenseversion></licenseversion>
    </library>
</libraries>
